{
  "AA": 0.29404,
  "AC": -0.27684,
  "AD": -1.046235,
  "AE": 0.175223,
  "AF": -0.417032,
  "AG": 0.035766,
  "AH": 0.216285,
  "AI": 0.275752,
  "AK": -0.136238,
  "AL": 0.151436,
  "AM": -0.196785,
  "AN": -0.160924,
  "AP": -0.549885,
  "AQ": 0.352728,
  "AR": 0.246017,
  "AS": 0.373876,
  "AT": -0.133421,
  "AV": -0.040554,
  "AW": -0.351312,
  "AY": -0.175535,
  "CA": 0.089565,
  "CC": -0.821262,
  "CD": -0.124849,
  "CE": -0.854823,
  "CF": 0.089978,
  "CG": -0.144029,
  "CH": -0.47024,
  "CI": -0.724012,
  "CK": 0.495716,
  "CL": -0.806101,
  "CM": -2.874942,
  "CN": -0.025071,
  "CP": -0.667098,
  "CQ": -0.496419,
  "CR": 0.24135,
  "CS": -0.017588,
  "CT": 0.212084,
  "CV": -0.119662,
  "CW": 0.046323,
  "CY": 0.397063,
  "DA": -0.71003,
  "DC": -0.117808,
  "DD": 1.346304,
  "DE": -0.620402,
  "DF": -0.04771,
  "DG": -0.520081,
  "DH": 0.786653,
  "DI": -0.015001,
  "DK": -0.328862,
  "DL": 0.00169,
  "DM": -0.420313,
  "DN": 0.231568,
  "DP": -1.308471,
  "DQ": -0.157697,
  "DR": 0.165272,
  "DS": 0.18834,
  "DT": 1.060792,
  "DV": 0.638789,
  "DW": 0.588248,
  "DY": 0.163997,
  "EA": 0.160194,
  "EC": -0.182732,
  "ED": -0.679805,
  "EE": 0.097669,
  "EF": -0.8065,
  "EG": -0.549165,
  "EH": 0.755235,
  "EI": -0.157451,
  "EK": 0.88043,
  "EL": 0.70337,
  "EM": 1.187684,
  "EN": -1.274094,
  "EP": -1.073924,
  "EQ": 1.297117,
  "ER": -0.018398,
  "ES": 0.296497,
  "ET": 0.2215,
  "EV": -0.585244,
  "EW": -0.29409,
  "EY": -0.547018,
  "FA": -1.092978,
  "FC": 0.216312,
  "FD": 0.15507,
  "FE": -1.180574,
  "FF": -0.030583,
  "FG": 0.258706,
  "FH": 0.303205,
  "FI": -0.268638,
  "FK": -0.361856,
  "FL": 0.631963,
  "FM": -0.518037,
  "FN": -0.879724,
  "FP": -0.416083,
  "FQ": -0.349821,
  "FR": -0.110925,
  "FS": -0.202974,
  "FT": -0.251854,
  "FV": 0.227707,
  "FW": 0.486161,
  "FY": -0.185919,
  "GA": 0.033626,
  "GC": -0.332117,
  "GD": -0.942251,
  "GE": 0.469014,
  "GF": -0.079341,
  "GG": -0.428931,
  "GH": 0.231168,
  "GI": -0.055603,
  "GK": 0.333645,
  "GL": 0.195013,
  "GM": 0.445212,
  "GN": -0.032898,
  "GP": 0.414264,
  "GQ": 0.013157,
  "GR": 0.023114,
  "GS": -0.305182,
  "GT": -0.379348,
  "GV": 0.054958,
  "GW": 0.042752,
  "GY": 0.651219,
  "HA": -0.069943,
  "HC": -0.375254,
  "HD": 0.263367,
  "HE": -0.057037,
  "HF": -0.064874,
  "HG": 0.141944,
  "HH": -0.004205,
  "HI": 0.101454,
  "HK": -1.7162,
  "HL": 0.216885,
  "HM": 0.814674,
  "HN": 0.165555,
  "HP": 0.343605,
  "HQ": -0.207473,
  "HR": 0.025286,
  "HS": -0.197831,
  "HT": -0.926587,
  "HV": 0.534057,
  "HW": -0.473382,
  "HY": 0.303285,
  "IA": 0.227319,
  "IC": -0.165898,
  "ID": -0.161118,
  "IE": -0.330371,
  "IF": -0.216765,
  "IG": -0.053487,
  "IH": -0.539913,
  "II": 0.064429,
  "IK": -0.123363,
  "IL": -0.133452,
  "IM": 0.173475,
  "IN": 0.914845,
  "IP": 0.518266,
  "IQ": 0.070393,
  "IR": -0.049376,
  "IS": -0.180829,
  "IT": 0.494365,
  "IV": -0.004923,
  "IW": -0.200686,
  "IY": 1.001262,
  "KA": -0.173517,
  "KC": 0.229765,
  "KD": 0.620252,
  "KE": 0.066364,
  "KF": -0.109681,
  "KG": -0.265043,
  "KH": 0.247692,
  "KI": 0.298414,
  "KK": 0.068937,
  "KL": -0.355184,
  "KM": -0.250685,
  "KN": 0.526598,
  "KP": -0.466354,
  "KQ": 0.337184,
  "KR": 0.00361,
  "KS": -0.164087,
  "KT": 0.176285,
  "KV": 0.409428,
  "KW": -0.564797,
  "KY": 0.323652,
  "LA": -0.235485,
  "LC": 0.106826,
  "LD": 0.406905,
  "LE": -0.356054,
  "LF": -0.21703,
  "LG": 0.014872,
  "LH": -0.936854,
  "LI": -0.105217,
  "LK": 0.0465,
  "LL": -0.147774,
  "LM": -0.845101,
  "LN": -0.390292,
  "LP": 0.425771,
  "LQ": -0.67433,
  "LR": 0.042578,
  "LS": 0.45319,
  "LT": 0.029459,
  "LV": -0.264418,
  "LW": 0.824022,
  "LY": -0.715351,
  "MA": 0.184532,
  "MC": -0.059512,
  "MD": 1.562731,
  "ME": 0.2691,
  "MF": -0.492881,
  "MG": 0.12063,
  "MH": -2.252817,
  "MI": -0.176818,
  "MK": -0.086458,
  "ML": -0.017572,
  "MM": 1.248133,
  "MN": 0.228682,
  "MP": -0.208487,
  "MQ": 0.574206,
  "MR": -0.179123,
  "MS": -0.243005,
  "MT": -0.045125,
  "MV": -0.22741,
  "MW": -0.212696,
  "MY": -2.361891,
  "NA": 0.409854,
  "NC": 0.341266,
  "ND": 0.207948,
  "NE": 0.593304,
  "NF": -0.234768,
  "NG": -0.608247,
  "NH": -1.067655,
  "NI": -0.167646,
  "NK": -0.297287,
  "NL": 0.158985,
  "NM": 0.697733,
  "NN": -0.789794,
  "NP": 0.312401,
  "NQ": 0.400298,
  "NR": 0.100842,
  "NS": 0.01786,
  "NT": 0.249991,
  "NV": -0.336945,
  "NW": 0.58441,
  "NY": -0.733635,
  "PA": -0.024017,
  "PC": 0.106382,
  "PD": 0.16553,
  "PE": -0.258996,
  "PF": -0.154499,
  "PG": 0.086656,
  "PH": 0.661685,
  "PI": 0.140729,
  "PK": 0.329944,
  "PL": -0.02635,
  "PM": 0.775324,
  "PN": -0.243649,
  "PP": -0.362851,
  "PQ": -0.071957,
  "PR": 0.094586,
  "PS": -0.021317,
  "PT": -0.303398,
  "PV": 0.201024,
  "PW": -0.042994,
  "PY": 0.548966,
  "QA": 0.264777,
  "QC": 0.764021,
  "QD": 0.017533,
  "QE": -0.067303,
  "QF": 0.427813,
  "QG": -0.35614,
  "QH": 0.518062,
  "QI": -1.39553,
  "QK": -0.93978,
  "QL": -0.399518,
  "QM": -1.19008,
  "QN": 0.792106,
  "QP": 0.389385,
  "QQ": 0.644078,
  "QR": -0.932089,
  "QS": -0.004903,
  "QT": 0.635101,
  "QV": -0.961657,
  "QW": 0.556155,
  "QY": 0.117549,
  "RA": -0.408434,
  "RC": 0.340712,
  "RD": -0.05283,
  "RE": 0.682781,
  "RF": -0.149577,
  "RG": -0.200823,
  "RH": -0.689415,
  "RI": -0.084156,
  "RK": 0.166021,
  "RL": 0.175061,
  "RM": -0.377952,
  "RN": 0.800928,
  "RP": 0.463914,
  "RQ": -0.215567,
  "RR": -0.19884,
  "RS": -1.084382,
  "RT": 0.261918,
  "RV": -0.264235,
  "RW": 0.129232,
  "RY": -0.737373,
  "SA": 0.261961,
  "SC": 0.175688,
  "SD": -0.30139,
  "SE": -0.226154,
  "SF": -0.437526,
  "SG": 0.270302,
  "SH": 0.206464,
  "SI": -0.315742,
  "SK": 0.333069,
  "SL": 0.009621,
  "SM": 0.456941,
  "SN": -0.324811,
  "SP": -0.539292,
  "SQ": 0.076507,
  "SR": -0.237299,
  "SS": -0.239472,
  "ST": -0.043941,
  "SV": 0.386206,
  "SW": -0.299669,
  "SY": -0.006498,
  "TA": 0.208815,
  "TC": 0.206098,
  "TD": -0.456182,
  "TE": 0.798645,
  "TF": -0.603268,
  "TG": -0.293298,
  "TH": 0.615245,
  "TI": 0.132564,
  "TK": -0.027531,
  "TL": 0.123764,
  "TM": 0.231889,
  "TN": -0.211752,
  "TP": 0.319656,
  "TQ": 0.028807,
  "TR": -0.170743,
  "TS": -0.146265,
  "TT": -0.140824,
  "TV": 0.236827,
  "TW": -0.323013,
  "TY": -0.870589,
  "VA": 0.313914,
  "VC": 0.583285,
  "VD": -0.076725,
  "VE": -0.387238,
  "VF": -0.096334,
  "VG": 0.035361,
  "VH": -0.116645,
  "VI": -0.02968,
  "VK": -0.290862,
  "VL": 0.075602,
  "VM": -0.725133,
  "VN": 0.373565,
  "VP": -0.162705,
  "VQ": -0.640155,
  "VR": -0.017704,
  "VS": 0.221046,
  "VT": -0.195935,
  "VV": -0.26205,
  "VW": -0.73608,
  "VY": -0.004569,
  "WA": -0.555706,
  "WC": -0.186221,
  "WD": -0.491731,
  "WE": 0.225277,
  "WF": -1.112202,
  "WG": -0.273274,
  "WH": -0.459874,
  "WI": -0.314283,
  "WK": 0.594266,
  "WL": 0.24716,
  "WM": -0.24549,
  "WN": -1.112046,
  "WP": 0.809427,
  "WQ": -1.020004,
  "WR": 0.154552,
  "WS": 0.942484,
  "WT": 0.466196,
  "WV": -0.389137,
  "WW": -1.460579,
  "WY": -2.754654,
  "YA": -0.147378,
  "YC": 0.565249,
  "YD": -0.341054,
  "YE": 0.630554,
  "YF": 0.030616,
  "YG": 0.313094,
  "YH": -0.337242,
  "YI": -0.282627,
  "YK": -0.962401,
  "YL": 0.162036,
  "YM": -3.124438,
  "YN": 0.349012,
  "YP": -0.459242,
  "YQ": -0.939928,
  "YR": 1.00443,
  "YS": -0.225983,
  "YT": 0.992892,
  "YV": -0.388331,
  "YW": -2.18272,
  "YY": -0.917705
}